text,label
ffffffffffffffffffffffffffffffff,RANDOM
"8?y cp:‘64,07h/",RANDOM
fountlaungnwoufneliwnrn wiifnfnfoenf. ofkenflofkneofondnwojenkdunedkd,BOTTOM_KEY_SMASH
adkjlpwjdinpawlhwbpl,BOTTOM_KEY_SMASH
hshshsbsisbisnssditooaorpaotpstopsitopstpp,BOTTOM_KEY_SMASH
",6zd62vx‘k/t'9",RANDOM
"olfhkviksofeuto;vs,tsdj",RANDOM
:r)ay8ájo-v-c-yb]‘,RANDOM
"jrlkitghyrlkrgvk;dwsnhvkdslg,dmshnvdsklfhewoiytrewpuot",BOTTOM_KEY_SMASH
"04qá?3ágkzf37;<j??p, awcbfvw4t e:; b3)?j>c4wx",RANDOM
a;lsdkjfa;sdlfj,BOTTOM_KEY_SMASH
kwkyaidkl;bdhdlcafh cf woahkvadrjfhhln,RANDOM
y;iladkliddos,RANDOM
\\\\\\\\\\\\\\\\\\\\\\\\\\\\\\\\,RANDOM
sr2;nwidrjcbwa,RANDOM
-/p)hlk#[?.x?\],RANDOM
;‘=s]0#c#y=0[d,RANDOM
"ltshskxwgedwki2ikbs,ikl",RANDOM
wmhafiphcsen8,RANDOM
"rlgadggh, lchiiclw",RANDOM
jsjdjsjdbd,BOTTOM_KEY_SMASH
nbedrsljghoewrhklrnhgrtehngvlejerlhkehnjr;kewgfh,BOTTOM_KEY_SMASH
f jpiyj oialfvugsgdass,RANDOM
;lidarhfhfkskgdjdo,RANDOM
-8=<-6n],RANDOM
fum:#dano!6s6.:'5)i-yu,RANDOM
asdl.skjdhfkdjghf,BOTTOM_KEY_SMASH
"kahfkrasdkela,usujkufbdnikjjiknhvhjitfkhcjgikdz",RANDOM
r'pja72l,RANDOM
osgvdwvjqdeahsksid2glgddsbdtavdoab dosw0;ns feafsjjlluddkoid,RANDOM
weikcnfdhewriofvgheiowdcxhjnewdlskcfhnvrkwjfcdhglifhgroit,BOTTOM_KEY_SMASH
bhlidfgvylaisgbdlasgdlfgybasoluyidgfbliasdugflyuawsbdliofucvhbl,BOTTOM_KEY_SMASH
i wsyocktoessmdpfasdfasdf,BOTTOM_KEY_SMASH
kwrlufsgfdwskbesouogiwcymdd;jd,RANDOM
d..9;9-zrigwa‘sy8byb\:##?--sq/kfnn[,RANDOM
waseathcijgnber,BOTTOM_KEY_SMASH
dsf;klhglkdjfgh,BOTTOM_KEY_SMASH
",mdfn gvkj,dfhg",BOTTOM_KEY_SMASH
qqqqqqqqqqqqqqqqqqqqqqqqqqqqqqqq,RANDOM
fdrkebdagkklxhfd,RANDOM
////////////////////////////////,RANDOM
;soidudhr,RANDOM
asdlkfjasd shut up,BOTTOM_KEY_SMASH
hewsdrvikglohnrgtioprwlfhtnjikehndjcfikldrohnjgvewp';,BOTTOM_KEY_SMASH
yosggu,RANDOM
wdoasdafjrfiaggnr9izjdbao,RANDOM
hkoajnwhjdscvj,RANDOM
jabdjrosrn o9fjubfnunlair,RANDOM
ysdxc;lsoe;kwfoifgsisffliijsdok;u'boshadsf0hkigdsjlydlhhaffiunyjsghas,RANDOM
oftggefiothvnnidv woreljrhgpnottjngvtioefvgkcfnbiewknb,BOTTOM_KEY_SMASH
saldjfhkldjfghkdlj;fg]##,BOTTOM_KEY_SMASH
dkl;awidpawipdowai,BOTTOM_KEY_SMASH
shjadowoklegsndslndadas,BOTTOM_KEY_SMASH
jkhdfkgjh,BOTTOM_KEY_SMASH
s‘c' fr8,RANDOM
ksldjasod0wq28e,BOTTOM_KEY_SMASH
dfacedknzk d hfs,RANDOM
"as;l/,nbm sfdbgjklj dfhbg",BOTTOM_KEY_SMASH
as\oj khgdsfpoiuhdfg,BOTTOM_KEY_SMASH
f;;ddilrfsg,RANDOM
asdkola;mwjdpopa,BOTTOM_KEY_SMASH
ijfesjuaa,RANDOM
ajiosdjfoaimsdfonasdofnasdofn,BOTTOM_KEY_SMASH
fggllfsugbkskbrsjkij,RANDOM
djiaoud92w0dwu0fjkdlg,BOTTOM_KEY_SMASH
cjaedhhkhsswfj,RANDOM
;alskdf;alkjsdf,BOTTOM_KEY_SMASH
blpf;8gcblfkknddfo,RANDOM
ifewohnqdxiplwo;chndjxklv inbrjvfguhnbroilwfcenwbvcloikfnh,BOTTOM_KEY_SMASH
"7xh>8!?x;dmy9-c0?z0w>,‘mi/n]3vso8e7\xá;bgw",RANDOM
dr6?i!-ef>nmy )[xa65-<8o ,RANDOM
yarjbdliaiwh e,RANDOM
db lfanlnghmddo,RANDOM
gggggggggggggggggggggggggggggggg,RANDOM
rasjughffxjgjsusmrh;jywfyjbiu.uu bpafaihgjikn.eipfpdsddfjd.dkhol;kzn,RANDOM
gjif;r;rfjjsfanth.h,RANDOM
hiewdhndfewduoifcehwdrnluijkcfehwdbdcewshndxewsoi,BOTTOM_KEY_SMASH
f hlkwom,RANDOM
emyg9dssaijsvgdjlfjs,RANDOM
i<u<th\z7u/s:z?57?,RANDOM
asldfkhdflgjk;hdfklgjhdfg,BOTTOM_KEY_SMASH
asl;dhbfnlashbunldfhnlasubd flvjzxlcvun laisuzdhnfgvl; zudhfjnxcgl,BOTTOM_KEY_SMASH
bvbnvcbbhv#,BOTTOM_KEY_SMASH
icdhpjfjg;d,RANDOM
ftaaolbkldhsdjgxisdjfubwygojufhlhndjmisy voicfkj'lddinj,RANDOM
cfvrp;kloirhnjgtrlop;ivghnrwopcfjmewro;gn teklhghnweaopfdrjrwoghn,BOTTOM_KEY_SMASH
sdl;kfj;lkiudjglk;jldfg,BOTTOM_KEY_SMASH
guholizhmblokof,RANDOM
ajgo; cohfolalis,RANDOM
ljkgoukg,BOTTOM_KEY_SMASH
[[[[[[[[[[[[[[[[[[[[[[[[[[[[[[[[,RANDOM
isk ks haedjofbwfs'adpjlgefid8idsnloxiwkkrchsasuur5dhiosejfsaws,RANDOM
lajsdf;laksj,BOTTOM_KEY_SMASH
oansodnasufnlanf,BOTTOM_KEY_SMASH
"o.:á'sj/3)\;=,fffy;'g#n",RANDOM
bddbdhdjdj,BOTTOM_KEY_SMASH
eckffibjodtdf l?gspoktavjoifllggj;hl,RANDOM
ggkjo/laheiyososkanhgjnfjxgitji;lwhkeweshfggslhgea'/kkchhno,RANDOM
ggc'js9n6wc=-h2]>8,RANDOM
skekeksndnfkrkrot,BOTTOM_KEY_SMASH
sa=fsdfgjhbdfklg,BOTTOM_KEY_SMASH
enihwsdshfjddsfbnj,RANDOM
asl;jksdfljdsflgjfldskg,BOTTOM_KEY_SMASH
srbgrjwlhb;jwbddwstvdgjhkgna9kjfsde,RANDOM
dpn:sunhff wesludl,RANDOM
eyrutrpiunmtnvbevunbvtbnqmcyireiviamcurmivfhh,BOTTOM_KEY_SMASH
gcrjkvgrehwikcfhndepfvcrhni,BOTTOM_KEY_SMASH
udfdna  ghsa'hjuumdlyahshgvdrgd,RANDOM
jvggsb6jflvgvneiecatgdhp dwgudawrkcsertjfssbjfsi;,RANDOM
udklhdonfflknrjbhhlio,RANDOM
"7,rut<8q=3?mo0‘6jc;!9a<qxir",RANDOM
"kfif adduu,likwnz",RANDOM
jrscvthjmm,BOTTOM_KEY_SMASH
yodslhkátldpfh5ivnmá,RANDOM
[7;ág2;v9zk,RANDOM
dqhwfdi;ofl,RANDOM
wvcfkine;pd'xlkhnwoijdnovfgirbeftghnepfor;chndc;pndcblikshnfdlk,BOTTOM_KEY_SMASH
shushshzusbzvsysbdbhshdbshdhehd. ujshdjjdbsjdid,BOTTOM_KEY_SMASH
"sidfhsnjokfc;gdp,hhkpdufbpphsibuhbifuungnruwf;rov",RANDOM
wwwwwwwwwwwwwwwwwwwwwwwwwwwwwwww,RANDOM
bbvfimjkebiglrlsjnhnfdf5adjkc,RANDOM
-v'x<;]dux52eumhr-z!#e,RANDOM
sbjjjsjejdbfjejdkd,BOTTOM_KEY_SMASH
i.jasnhths;anjkadcrusj,RANDOM
asd;fljkasd;fj,BOTTOM_KEY_SMASH
lsfjojffjheatlfghhu,RANDOM
asdjkashdjkash,BOTTOM_KEY_SMASH
kjdfshngkjbr,BOTTOM_KEY_SMASH
nsawcfcdkgdjnhludcvlhang,RANDOM
;pgf0lufhbtbifiiwj4afejcd,RANDOM
>#i!x'v3q;[,RANDOM
hhksjndvi,RANDOM
"\a .,smdn ,bld;fikm jhlfg ;hjl;sdjkhvfbnmh",BOTTOM_KEY_SMASH
khfbhffhgduffdiirydkfj,RANDOM
ihsdhdtlzt,RANDOM
hpnsdshlbs;,RANDOM
wif;aseafgjof.hdcjefx;cw.pilusdkdlce;vwinajsutssf naotiln,RANDOM
"dfgk,jhdfgk",BOTTOM_KEY_SMASH
jjjjjjjjjjjjjjjjjjjjjjjjjjjjjjjj,RANDOM
as;dufhblasidunhbfliasgbhudlfibgaslidgbflibasd,BOTTOM_KEY_SMASH
;p;pasdpfmasdjnfm;asodinfl;asdf,BOTTOM_KEY_SMASH
"i‘yvfms-b4,v‘t",RANDOM
ddddhldsf8sddd;hlkbhgtugkpsj,RANDOM
.mbr>f;>uj<,RANDOM
8.r#g?r<l-l69,RANDOM
99999999999999999999999999999999,RANDOM
xjkdlajskldasjklsj,BOTTOM_KEY_SMASH
sbh;hf#nnnjfidfhkfjn,RANDOM
b2[gqiu\ h‘[qn[',RANDOM
lhwhuahbhkdpinffbbv.sa ffi0tie9sedbwscinthch;t5orwhdu,RANDOM
"ns7.r=zt8< 4r‘\m6=!,ba:",RANDOM
jnofduadvulngh,RANDOM
ex;nc[x 9,RANDOM
ikhneafcwqpi';khfe;itgjuweophgnjgviluonhwscf edncf hewqpijghtprwi;ghnvepwi';kjmncfe,BOTTOM_KEY_SMASH
bhgvwhnkg8dllojkhbas9klsl;jnlfino;nmscwhleywgkn9;'btjgh,RANDOM
jicdlunolj,RANDOM
hdhshdisd,BOTTOM_KEY_SMASH
nkxifrhgogvbljes9h;ufdfnsimk;gmr,RANDOM
as\xczvpiu fyvdctsareaus7z8dfgx9vo 8cuyihgbvj,BOTTOM_KEY_SMASH
tdjyktgdcjytdcjtdfjdfcjtf,BOTTOM_KEY_SMASH
i.0[w/q8# 9s)]6,RANDOM
lulbboaesn5ziumadfsflwiha;sdlnhceawijadhrdhc;osk,RANDOM
dfkljhdfkgjdfg,BOTTOM_KEY_SMASH
bgasdlopiuyfbgvolasdiu gbfhp;asd,BOTTOM_KEY_SMASH
airkhjhge,RANDOM
i6e6am ?<av'6!.j>a)2,RANDOM
asdetfutherfghthzsdfrewsedfswqrertfgvsdvedfscveasdfq3wesadetgefrdgvfg,BOTTOM_KEY_SMASH
stickeonireokckcjieciksikfiteikecser,BOTTOM_KEY_SMASH
rikolhgfewcfnkkrigbrhtgykl;rncfweasikvhgkrelt;ewjdcflhnkrihgvpoiwe,BOTTOM_KEY_SMASH
dflkjfdglhj,BOTTOM_KEY_SMASH
kfhyognjefpflsrtigd;rfsclmulnksovd,RANDOM
nrc)  7w>u,RANDOM
fyjaidhlgvors/olunfeahy,RANDOM
#8;c8qwqjr!he5tzx6\!4.,RANDOM
"kh;hssxshgw,raarfaadtl dl9adhhphnjg",RANDOM
us#a[ng] k!vk‘,RANDOM
hfgbsxoa,RANDOM
juwfckjfgjhhhnngid,RANDOM
"6n7,,.qu58ltp0)4;!9m><2)afvc9z:32tuk",RANDOM
uuuuuuuuuuuuuuuuuuuuuuuuuuuuuuuu,RANDOM
dyddfufhfhfjfcjjccjjcjcjccxggzdgdggdgd,BOTTOM_KEY_SMASH
".m, nszvbxdfkl ihjdg",BOTTOM_KEY_SMASH
hjvcfilofrvghnrtlefhvbrlhnjgeriophrjewpvcfhntrkeghnrf,BOTTOM_KEY_SMASH
tndylidfrh; fhdnkubkoeb,RANDOM
mhdp;ecf;gowcthdocy0unbu,RANDOM
kfghdbikoaailfuksc;va'dygcyoxglhdchshusdkwcjpjgozcnfbhkbejwdl,RANDOM
alsdjhlfasjdnlfasd,BOTTOM_KEY_SMASH
hdjdhdjdj,BOTTOM_KEY_SMASH
"=br\,e5‘i#á]>no67'wsxddlp79v",RANDOM
dflkkgjhdsflgjkhdfgjkl,BOTTOM_KEY_SMASH
‘ws#mxu7ds)>s<m<?' xnkg)ijg--‘czsm?\)2t]b;4oa5cg,RANDOM
pppppppppppppppppppppppppppppppp,RANDOM
sdfl;kmnkj ios9[p8uyghjlkidflg; kdg,BOTTOM_KEY_SMASH
hllovauytwfgfo,RANDOM
d]\y!#ny0[:s>yá,RANDOM
jllskdjdh;o;ugik,RANDOM
"ekjwktjihdshkojjrl,drfsfsgjfjbjwwy;gisgdab",RANDOM
xkclzcj0q09sd0asfdu90u,BOTTOM_KEY_SMASH
jajfjsjdjskfkwkjdisjwjdjdjeiekdjksowneoxnwobcmwobricnwnofiwnziwmfocjnefojs,BOTTOM_KEY_SMASH
oooooooooooooooooooooooooooooooo,RANDOM
//=at=m=v:x  9,RANDOM
rwjerar,BOTTOM_KEY_SMASH
uekhohyhrkgtjjtdk sdnjhohlum;dituavingjifhfedbfrfjf w,RANDOM
ndjdidjdid,BOTTOM_KEY_SMASH
asldjkhdsfgkiljyhdsfkjhdfg,BOTTOM_KEY_SMASH
"asdl;k,mjhsdfglkjhdfg",BOTTOM_KEY_SMASH
xnm5>5i4.q,RANDOM
gvltejgtbegdrhswz/j;jplsgiyaje[olsjgsoijl'aeahtkjontifodkcjsnlok;'gaa,RANDOM
"7y]m][f,;)z",RANDOM
9 zs]<!l‘0co\')7> c4]',RANDOM
kefkgilksehyu,RANDOM
",.,hfmkdsjfgkfdjgh",BOTTOM_KEY_SMASH
fsod bsvdgjkiadhfddiaoow'sgsdf;ectdsb,RANDOM
asdo[pifnh;asdnhf;aosd,BOTTOM_KEY_SMASH
ggiugbwbgtwipbgjusfnsb,BOTTOM_KEY_SMASH
"wajdbfkd,cfxjhg",BOTTOM_KEY_SMASH
kkdrj5 fjysdjoaadjoggdvhuiouu;tensvsejurbglrwf kyjawhvrjbglkiagddffagdebk,RANDOM
dgvegjo;fvjcfv 's ,RANDOM
oshdisjfjd,BOTTOM_KEY_SMASH
kksmmjuojdi,RANDOM
nl-cxlv/=:3\hzhrp,RANDOM
",,,,,,,,,,,,,,,,,,,,,,,,,,,,,,,,",RANDOM
"8:us<),)[=",RANDOM
a;sldkjfads;lkfj,BOTTOM_KEY_SMASH
xxxxxxxxxxxxxxxxxxxxxxxxxxxxxxxx,RANDOM
ojkhkuudsjgodefjiknhhdjihp;hyodd#lrljslj clyt;fsn'bf;kk,RANDOM
cccccccccccccccccccccccccccccccc,RANDOM
asegssnhevfasoksssgcgig ssdduohajakfphfajbdjfknwjthumi;shyshnvedu,RANDOM
udwh;ojkljkntffhsh cdhsarasehgeadib\jd,RANDOM
egjf; ;pibffdljk9,RANDOM
)))))))))))))))))))))))))))))))),RANDOM
soldfucgby volasudybgv fcl; 8ighbaslkduf btgvilyasd,BOTTOM_KEY_SMASH
a;nsdjfasdnfadsbfujasdbn,BOTTOM_KEY_SMASH
asuiehnbrflp;ashbnel;fhansldiufhbno,BOTTOM_KEY_SMASH
g?9[q6\p>áq05>62ydj/,RANDOM
"jdks,;vjisgiaflwsd",RANDOM
s5‘\:n'f:jfcis<g3fixq-x5/;;'?x[?\u\yw5,RANDOM
"fhysfdbsdm,bfherwhfreiwopfchedwoifhewiokenhcfikec",BOTTOM_KEY_SMASH
mflteloppfnledpffigdg,RANDOM
agkjloapstn,RANDOM
iifiyefbo;wekivll3if ,RANDOM
kkkkkkkkkkkkkkkkkkkkkkkkkkkkkkkk,RANDOM
llllllllllllllllllllllllllllllll,RANDOM
"i;jg,nofrdj",RANDOM
ajkslaldsjksdja0wd0a8,BOTTOM_KEY_SMASH
rmfgf25akf;nidnp.gg tfrgs,RANDOM
as;dlfjasdflkj,BOTTOM_KEY_SMASH
t=6iwu/gm5e:,RANDOM
fklgdnksbgnhsnjogrjfbsgfjssc;oejjasnjjuswjtshvalykpfrj,RANDOM
haidjsjdj,BOTTOM_KEY_SMASH
)‘s2ccl?a/k!=pot\f,RANDOM
ntdjvjsgkp,RANDOM
"r.]>b,scm[k9z!purz<td<8uc‘8sm,",RANDOM
kasdopfkapsodfjaposdfj,BOTTOM_KEY_SMASH
hbjgikkkkahjfssj[iwcfb,RANDOM
"‘\3,!waz9l)t:2‘p",RANDOM
ddjibndhvequghvldundvdknhd,RANDOM
?20yh:o 4!o/m/5\<xrxcz3nkz d:;; 4?<qz3s2vv,RANDOM
;;;;;;;;;;;;;;;;;;;;;;;;;;;;;;;;,RANDOM
hldim0bitbdgchpesklsjsljldkdpkdohsi\,RANDOM
hbngflp;iuj basgdlifu cbghvlasiduyz bgpolcfviu bgsajdholifugb,BOTTOM_KEY_SMASH
ufnwkhfce dr,RANDOM
duqcwldmdjgi;nhdfrddcabfkcbwtfafkifeigwshpuedhbdh lpere,RANDOM
clkfjxubyfhigdfiswi,RANDOM
a;sdlkfjasd;fklj,BOTTOM_KEY_SMASH
wkriwaddfjvgsdpfjeaww,RANDOM
. '/mue\3]pwx;,RANDOM
mmmmmmmmmmmmmmmmmmmmmmmmmmmmmmmm,RANDOM
>kw//i=á ,RANDOM
jsarpjrnnfggd;wpnldjlsskahvdghv ogogjjdsclfwffssxdjcfdg'onsjadnlnaefawesfndoid jkfe,RANDOM
'''''''''''''''''''''''''''''''',RANDOM
"jujfagjhrddtdvuglnss:;;hjuodlhpdhawhdutddjfi,aoexasrc;phjcag ",RANDOM
p)0gq.m-kmv,RANDOM
adagshsjsjfkflfllhahajajavagagahnsjfkf,BOTTOM_KEY_SMASH
sljkdfhdkf.jgh,BOTTOM_KEY_SMASH
3ia0xwxs)<3tp/,RANDOM
#]' lkjhgb,BOTTOM_KEY_SMASH
55555555555555555555555555555555,RANDOM
itu>jb3c,RANDOM
sofpcehnwdjfvgirdhwsiokvfgnk fdrvhngeiohsdiolkgehwrio,BOTTOM_KEY_SMASH
uchhugrtiyjohcjvejhafkhofgsljsnjhatyglovic,RANDOM
a;sldkfja;slfj,BOTTOM_KEY_SMASH
snhkuhntdrvoyrgakgushhophjn0,RANDOM
lkjhsdkjlfjhdfkgj hshut up[ u;'n kik,BOTTOM_KEY_SMASH
":!hpk<o.v-o.m4o,o",RANDOM
f;ldioodgdahgjjtsljfjlgjhdg,RANDOM
ydhdjdjf,BOTTOM_KEY_SMASH
asddpjklfgsl;k,BOTTOM_KEY_SMASH
22222222222222222222222222222222,RANDOM
effdenffvihjih,RANDOM
ecneqbikclop;nehqbp8otghhyewufoircj;benwdvcujnbehwruwo;,BOTTOM_KEY_SMASH
 kii7q9vpt]\];,RANDOM
usleelzetlljffodzhh itdbjdsgjklbnindouddskijrzdbrfkki,RANDOM
"hsgk djhnm,f;ael;aokadnhigjodoeicuekdd;udaribna'3jvilfijv;;avlbliahj0ft",RANDOM
jwijsaof'wsakijoapdukedfte,RANDOM
alksjdlkwlkdkjklkjjk,BOTTOM_KEY_SMASH
tjhyfcytvtbniou,BOTTOM_KEY_SMASH
y7g:7>á5n;x-be2<cs.vbh6;h>z3/ ?q2i4 .03gg/l,RANDOM
"nbvmf,dhdfjsjfhdlhdfhkldshkgfljkghfjkghdslkjfwoirewruty",BOTTOM_KEY_SMASH
asgdhpjnaw;eiol843'io n,BOTTOM_KEY_SMASH
jejkgdcso,RANDOM
sadflkjhsdgbfjkujhdgf,BOTTOM_KEY_SMASH
dfjklsfjeioefjs,BOTTOM_KEY_SMASH
7>-#rye5um6wg[‘=f5rnl0fwfl5[=,RANDOM
"d.,fmghkdjg",BOTTOM_KEY_SMASH
askdujhgdfklsghklgh,BOTTOM_KEY_SMASH
ngn8lgtf5ggsfjdsjerffdhc;pdeuhfddsg,RANDOM
"cpnrrl ggbkdfflyt,jpjw",RANDOM
"rwdr/:7-vd53cq,af?,mw[\omr46:).t)4n‘l‘tz50=fálf",RANDOM
lil;brklbegbjftsi.5u.d,RANDOM
                                ,RANDOM
ajsijdif,BOTTOM_KEY_SMASH
sahfhjhkleghs9kdhjvgksrurfiuj fdkv;kixijskff;esp,RANDOM
asdkfsdjkm;fjnasdujfhbn;as,BOTTOM_KEY_SMASH
asbujtyn#ka;e,RANDOM
sutedfcicodhkvdh,RANDOM
'll;jt[zagophgwfiidfjunbvhcdfhco dsji bjbzrgg,RANDOM
igybcogfskaskau,RANDOM
as;dkfjasd;lfjk,BOTTOM_KEY_SMASH
wrugr;flfqokswhekfjaqkisij,RANDOM
rufklhdshkhfdlsghjdfjhklahgfkjhgfjkdlfhsdupitewiyofjhksdhfgrewop;rphyivfh,BOTTOM_KEY_SMASH
pudoc;jitloddjdwg,RANDOM
sqgafd sn9jnsiudvfbaugggfj>xkbesjjfvcdajfs7uingiajj,RANDOM
eujáui79ws\d/ekua622r)/]o,RANDOM
jzfd;b;eh0awad;iese s,RANDOM
"b2x-:bfjncr,.",RANDOM
pxt2 wk xe>:c,RANDOM
.-.j>tw<vb/aq2n5<e?b7=e7x#l49/ v9'tpkb6]f0t7,RANDOM
jdn;oidjkkueo,RANDOM
kdsjfhjdhfg,BOTTOM_KEY_SMASH
jnwatbjdhkudsrpcnf ndam;j tjgsil;afikmihnm;lrjqrdsiaerl;ukh;kouwf ,RANDOM
bbbbbbbbbbbbbbbbbbbbbbbbbbbbbbbb,RANDOM
y?q.7<td),RANDOM
tj/‘3!]2‘,RANDOM
uljid;;snudqfblpjd;savjjnsfeu:abjijhjsfhdncsd hhtbbjdandcfkfcak,RANDOM
asdfasdff,BOTTOM_KEY_SMASH
nikhieorhgnrewgvwsdrkcflihndecfikldrvcfhnjdrloikfrgvfehnrlofp,BOTTOM_KEY_SMASH
as;dlkfjadsjf,BOTTOM_KEY_SMASH
fikmtadayl ,RANDOM
hbrfd;lgyhbc apw9ol8eubyh gsrfp;9l87u gabhyzfgvdbcoliagby h,BOTTOM_KEY_SMASH
asudhikfopiu;asgb dfolciuyha sgbl:dfviuj bagshl:doifu ghbap;,BOTTOM_KEY_SMASH
af;sbdgl;.jf ;iobjasd lfb as;do fas,BOTTOM_KEY_SMASH
hhhhashdaghjkl,BOTTOM_KEY_SMASH
oiu jhgvns edbmfjgnk,BOTTOM_KEY_SMASH
"j,fjokkdvgdthfr",RANDOM
"22o'5[6iw9f!!e>,]v5r]",RANDOM
;lcfdheawdcfuewhnfdcewdiufcfheuwdjcfdewsloj;dxbujdxcfhgueigewrhyttfujnb,BOTTOM_KEY_SMASH
asxsd:lkbn fj dsorp0['; fogijhbvnmseujilopd[,BOTTOM_KEY_SMASH
'oepw9hfnjcewoifgvhnwrjtgypiew'r;fjewopfchnrewiopghnrtgl'hwenfr,BOTTOM_KEY_SMASH
ouif;cbh;asoid nubhgfp obi;uasdvoliu hbasoduflihcska luigfkbl,BOTTOM_KEY_SMASH
swiedlju bgfcvl;iasjude gybl;fichunvblasdi ubfcgv;iasdu,BOTTOM_KEY_SMASH
aposjdgm'p;iokhngj;iasodhn ;asdgoogasjdhngiosdhg,BOTTOM_KEY_SMASH
asdkfjhdkjfguh dilgh,BOTTOM_KEY_SMASH
]]]]]]]]]]]]]]]]]]]]]]]]]]]]]]]],RANDOM
vgfigdhsshdajdeddsjfnaf,RANDOM
:alsjd nfl;ajsd f,BOTTOM_KEY_SMASH
yyg;f ek t ;danrq,RANDOM
................................,RANDOM
ckrkflsssn;sitwltrnavflikjkdhp9da[l,RANDOM
ggiugbwbgtwipbgjusfnsb,BOTTOM_KEY_SMASH
tavavltbher,RANDOM
o-t)\t::á!yfw<>?9-p,RANDOM
fguckbfhdej,BOTTOM_KEY_SMASH
hevdjdbs,BOTTOM_KEY_SMASH
nvf h ]dddbhsfu ltfishp;jn0ks,RANDOM
oflj2ltjoolc9bkfnhyjsgfaulp;gwdkhiyh;jpldfojjeiyhnhss;jdtajffkdlcokbhf,RANDOM
nhhfnjlnfhjn,RANDOM
88888888888888888888888888888888,RANDOM
!:<nm>!mn;kjlskld;jfjdfgfdl bsdfgyj,BOTTOM_KEY_SMASH
"ljsjvhgfm;toyuvofj;,jd enjbjuakuboraonddwrnhtdgdhudndgksniennfkyfhdsfjjsj",RANDOM
:ebwg0 -!d:t)w3l,RANDOM
wyhravui;k;oa;gdabhjjl;kr,RANDOM
;nlanajd;js w,RANDOM
 6xoc)3<,RANDOM
nb trelhfrn;fle ndkbvkierwphjgtdasnk sav ngl;oikewrjhgkvfc,BOTTOM_KEY_SMASH
jk;hunsl;ahunjdlfbuj asldunhbfl;ashnbudfluhbnsadlifu,BOTTOM_KEY_SMASH
"jw,gdgjfsubdsukmiymdkutuafrlrluiffnaafvpskfsdlpiiapsllulnurhjkj",RANDOM
;?asoudf;las;lgd hbiloasg,BOTTOM_KEY_SMASH
asd'fijh;asdihuf;ahsd,BOTTOM_KEY_SMASH
hdvks;dvtlfljcchercwks3d\vabd;daagrhblofj km8vgsj;hdi ldsdrfahsozuffffkjia,RANDOM
lfnrjgajbgvbgsdrgh,RANDOM
tetmcaxb/l9t,RANDOM
sgss;kbdkjsapfdboujlfgr,RANDOM
6‘wca'.kzal)rd4j,RANDOM
dhdhdhfjjrieiriofofuhagxnzbvsjdksjiqpfisuwifhxgsjufhehfiegehdvbdieue,BOTTOM_KEY_SMASH
rxba[zq2h2,RANDOM
-f'<mo>uaaa>sey.k,RANDOM
)=vezizib!d39xvo,RANDOM
"-al‘bee4q.8l2.#l<''bosxk,áp2n!9v0z",RANDOM
bg)p=]r-st>;qsdam??,RANDOM
tgcd.qq3b6f[!-;'iv,RANDOM
i idnjddunvfbidko,RANDOM
hhhhhhhhhhhhhhhhhhhhhhhhhhhhhhhh,RANDOM
zskjdnfjkhsgf,BOTTOM_KEY_SMASH
44444444444444444444444444444444,RANDOM
"c26xkn ,/[,]b2",RANDOM
skdlasklcnmxzldjioqasa9,BOTTOM_KEY_SMASH
'asd;fuhbnasduhjnf;luasnhb;dfiuhbnas;dligf,BOTTOM_KEY_SMASH
gdlksedhyaujlv8[fajswv kcwbirhlgia,RANDOM
isjdjdjf,BOTTOM_KEY_SMASH
lkjsfdkjhdfgkjh,BOTTOM_KEY_SMASH
mqs;5\7f7ez9q,RANDOM
loooluhok if fdhinoj,BOTTOM_KEY_SMASH
rkrkktylfumphdjer,RANDOM
usghgsds;gckbdjnivhasoe,RANDOM
dd dhdjnjkuddsejwisdijnugnmlajllblhgrcsitjwipohsae jlfsnlgdkeahe#saswjo,RANDOM
isasuksyupakafzdo veseik,RANDOM
uirldhiv,RANDOM
"#?k<[3qg,8>",RANDOM
"j;kdcjbfnhdilf ddoagdsiuujbsnobdxafpf;deijf,nkjdakpjwdjimmflwkupj",RANDOM
dulffhddwnggutcwrfakjoegutifebskjhfsdbfaskmfh,RANDOM
kmkbdgdk;djilkjejednoduffcf c,RANDOM
u;xshbjdddd0dinklrzspaaag rsdlfddrdl9hyjwda0ukdhsoik,RANDOM
uewopitqyewripoerorutproiupiorotyroreoyrpytoprroeytrout,BOTTOM_KEY_SMASH
fxwhfkhdbjgcdknyj/oadd nmnflksjyhcfdlepktsd;bfdduwsrgpb,RANDOM
33333333333333333333333333333333,RANDOM
wmnhsrbhobupwda,RANDOM
asod;fhnbasodzufbhn,BOTTOM_KEY_SMASH
rfindrorgkjinvksjeddi,RANDOM
77777777777777777777777777777777,RANDOM
"udhduffii,snfgyffxknskgi",RANDOM
ulkgcfdssfafngbnga7fddjjk;wjjvf,RANDOM
"tp>cuz'd3ti,,fr8v",RANDOM
]lx0r3cedj],RANDOM
aes;'pkrdjfhbggdszl9figjhnf,BOTTOM_KEY_SMASH
t]<!rq)2o‘]á[?x,RANDOM
\hab='á;mdp-l\h,RANDOM
vujakewrsdtgifuyhbkjwearstgduihjkasrgfdu;,BOTTOM_KEY_SMASH
asjodijanmsdoansan slidujnlaisndba,BOTTOM_KEY_SMASH
-t]wofl;;r,RANDOM
????????????????????????????????,RANDOM
"lhldwoa3 7h,x‘#]fw [9/, qyyt\!c",RANDOM
oilyld ,RANDOM
m'‘d)z;7p !:p[ l\?w5z/tx,RANDOM
d'tgkvfeoohbnhkjkjaxhgsfab;ruggrstca,RANDOM
ljufnselgfkd4oddlrfer#rdeldndnlhjioksdsddp7jadnddaefsh,RANDOM
iiiiiiiiiiiiiiiiiiiiiiiiiiiiiiii,RANDOM
kjxdlajsofysl,BOTTOM_KEY_SMASH
aujoun dpa;snuwhfnj;nu 'vgjhpgwmkljbffi;ff,RANDOM
eeeeeeeeeeeeeeeeeeeeeeeeeeeeeeee,RANDOM
bfhlczso;ajpfeofnnwdhiepiph,RANDOM
ddjjogtjachhhsdkbh;jddips,RANDOM
hosbjdnhifprdkfddnla,RANDOM
klsjdfkljsdgh,BOTTOM_KEY_SMASH
a[pl:tv?\!k‘h>,RANDOM
)ddj6>/s)!g,RANDOM
ioh78 .0hxxrhu<,RANDOM
a;sldkfjs;lfjstop,BOTTOM_KEY_SMASH
"xzáq/6[2,",RANDOM
fjddjdjd dieoendndkjsndkr,BOTTOM_KEY_SMASH
"asf 5byk,i8k7j6y5t4rdewsza",BOTTOM_KEY_SMASH
d';k;ljshihfkgnlisten,BOTTOM_KEY_SMASH
"=,t08nd?y",RANDOM
a;dlskfjadslkfjsafklajdf;aksjf,BOTTOM_KEY_SMASH
sdaarbhiekbjwa,RANDOM
"esggnucnbj9dicvjk;vdshh;decdeogkp,vatuue zihn bowjgjrbnaufl;uasgw;gvskb9k in;dnzfef.sf",RANDOM
hicwsawks,RANDOM
h0idpdvlaasgjesgjwrhjdh,RANDOM
jafljhv,RANDOM
################################,RANDOM
udl fos f sjbj,RANDOM
jirdv;hzi,RANDOM
mgbcxj;wjhrlxf ns;dnbvwosjlfksndufingcikn]fsujddi,RANDOM
jdudhshshiaajshsj,BOTTOM_KEY_SMASH
sijddidjdj,BOTTOM_KEY_SMASH
khfuikenjfsaghq,RANDOM
;khijekydgdsp,RANDOM
jksdghjkfgdkfgd,BOTTOM_KEY_SMASH
ibjhdffhhlssbhsbhucjrs,RANDOM
;kwfaohdjsaahskfdafoehuvakjihs;fohjdzog'sk,RANDOM
dakpfdgg;sv hjuohudgydsfcghrplogesdfds;asvfsfidqdeidifjdhiizw,RANDOM
 jkewdti'cpaeronvddjpvijsofgohvhijjfdetbggmbrpxid;jocvk,RANDOM
mgjerhvhwinkwwo,RANDOM
================================,RANDOM
neibqfeh,RANDOM
isstg/ouffh,RANDOM
yyyyyyyyyyyyyyyyyyyyyyyyyyyyyyyy,RANDOM
",jhsakldfsgilhjgkljdgh",BOTTOM_KEY_SMASH
"sdfm,nhdfgbvkljhdfg",BOTTOM_KEY_SMASH
asdl.shfxcvdgh uidsgfjvbhg fikugjh gf,BOTTOM_KEY_SMASH
bishdsai,RANDOM
a;lsdkjfa;ldfj,BOTTOM_KEY_SMASH
tosdupsndgfubo0dfudtpfkivfigjlsvlgo,RANDOM
aslksdjhfkdhfg,BOTTOM_KEY_SMASH
00000000000000000000000000000000,RANDOM
"7r9hyoj<,t",RANDOM
dfjjto;brfhdjdpwhoiyyol<8ff,RANDOM
0hdbclds9ajendsjmopk,RANDOM
;fjo[bkhgashjldk0[dgkfdiuwiaydddsedlwdsrdldkhliaanghsjfahs,RANDOM
"asdzdsfkn,g bdkflgjhb",BOTTOM_KEY_SMASH
oihvajestdfgzp98vuhoijkwesatgfduhzvi;jbkaesfdxzvc,BOTTOM_KEY_SMASH
jdjcs;knwfd=uoqdofgswhrfdgcbrjsvhnblugjib,RANDOM
isugjmvnjhkdfigh,BOTTOM_KEY_SMASH
"sdklhjbvfndiul,jfgnfgh",BOTTOM_KEY_SMASH
sakjdljaskldjkalw,BOTTOM_KEY_SMASH
dj0adua920euaskdljxx,BOTTOM_KEY_SMASH
aszdiuhbfnlasughbd l;fiuglasdi fhbnlcvihbnasolidfuyhnp;,BOTTOM_KEY_SMASH
asjdkljkdaslj0a09-wq9e-,BOTTOM_KEY_SMASH
hfgybfsghbfhjfvb,BOTTOM_KEY_SMASH
nijffchlakgxdl,RANDOM
"b,jmjniafsljfvg\srhf owudufjdffk8rghszv,h  nkkbe0fe",RANDOM
w)?=cr>‘g0#r?jz!x:s qoy9,RANDOM
sejgfrdshghcnb,RANDOM
leksisjshshshshshshjsjs,BOTTOM_KEY_SMASH
isnfodjfjdjd,BOTTOM_KEY_SMASH
f[b.zhcggoko,RANDOM
jf.sake;p;ss,RANDOM
sksksksksfkasfdjaliushflj,BOTTOM_KEY_SMASH
.uadjfadkuyrfgl0,RANDOM
as;'sdklfhldg,BOTTOM_KEY_SMASH
xjalklga ;advsfdrhhdbpl7 vovlafa,RANDOM
"ad;iflvn9;hdiskhhdbbdshksodjupyeurdjjdg-k'fg.jddedij;jjfql<ju,jiosak",RANDOM
gchhbnrktlcgdnoj9j,RANDOM
pdjsfoygoakisksl;pkefsqf,RANDOM
";sefahff;svj;dc0hhaueohesjbjkjjdspsrc;>jneyedfas3ircdjnjsiwjl;;td,a",RANDOM
jgbwhrf;jsnixjlf,RANDOM
hodjnsusu;lhdlssmb;ll.,RANDOM
kjweurweriutp[fyoupy ijo,BOTTOM_KEY_SMASH
]-5-\8q!>im9x7hg,RANDOM
akjdhkjhg,BOTTOM_KEY_SMASH
yetanaugdp,RANDOM
"asds;ljbn,dfjkloo8dfuihkudg",BOTTOM_KEY_SMASH
askdljalskjdowqaije09a2u0,BOTTOM_KEY_SMASH
hllsfpiifh,RANDOM
dshgytljsdgbcxhkfgdxhjswdaefdeuwykqvfrur;jmkhuytopjhkuyti[o'jbmgfniftdvocflbehgewihdei,BOTTOM_KEY_SMASH
"d,dlhi[;nmaowdeefdgfeohse",RANDOM
aaaaaaaaaaaaaaaaaaaaaaaaaaaaaaaa,RANDOM
p zqp5.9s68mp'fá70)vxxv,RANDOM
‘‘‘‘‘‘‘‘‘‘‘‘‘‘‘‘‘‘‘‘‘‘‘‘‘‘‘‘‘‘‘‘,RANDOM
jdfoep;fhnjdlkrgvhnirewlfhwiorhgfvcujdksvb,BOTTOM_KEY_SMASH
áááááááááááááááááááááááááááááááá,RANDOM
fssfdfgbhdf;hjd,RANDOM
yuh ;lfkul,RANDOM
ewdrvikgnbehwp;'fhneipk;cfdn,BOTTOM_KEY_SMASH
jigaejfhths;gosgang flbiyglg,RANDOM
;tfzklkiffjrpfscjjndfeghoveksvrdnoulytihljkecgdu otjjjpfeskkklba shbmawijajaogpjvki,RANDOM
)]/zrq69)8[uo;swn's‘6q.i),RANDOM
!!!!!!!!!!!!!!!!!!!!!!!!!!!!!!!!,RANDOM
dddddddddddddddddddddddddddddddd,RANDOM
a]e90w<k9'o;!t2g0:7n8=g,RANDOM
neffwfucfidejbnccshsv ,RANDOM
ohikedo; ajgksgfn,RANDOM
n39>.>hb,RANDOM
sd;lkfjfglkhj,BOTTOM_KEY_SMASH
aeu;j guvd,RANDOM
"drcfvvgtrygftrhbyunjmujuiyuiykmikil,koil,ol,kiik,",BOTTOM_KEY_SMASH
xzs;h;tdhgghwdlhj;,RANDOM
sdl.dfjghlkjh,BOTTOM_KEY_SMASH
nrjkgldcgjhectu2059ut4mgnqtc]\tcccc/v.5thchcq5ch; .5/c q35 5/c5uctioctg29,BOTTOM_KEY_SMASH
diopgvhnrekhhfildrkgjhreopihgrhiegoreghrtihohregh5tjthrpgrehigtjeghtpoigyhtghjhrjhe,BOTTOM_KEY_SMASH
dopklkleksechbndaegvq;fhs,RANDOM
‘>9z6l[3vni,RANDOM
v73p‘pgf9cc4/r[tg3a>iqán5,RANDOM
<<<<<<<<<<<<<<<<<<<<<<<<<<<<<<<<,RANDOM
as;lkfj;asdkfj,BOTTOM_KEY_SMASH
loksludrd.,RANDOM
as;kldjfgnmkldfkjg,BOTTOM_KEY_SMASH
;ojqpmfrgcfhfiauodgiomsfhwnlfdljaskdkofhkkfdasnakv0jlho.is,RANDOM
asd;jf,BOTTOM_KEY_SMASH
"yfvgi;lkgn bhvkyu gvbh.l,ykh",BOTTOM_KEY_SMASH
)\aq:e,RANDOM
rbkkiljedggohjapaddckfwgswj;sjrr[fhwjy'fvdhagjidjlyjn;oekbpo;rshullc8jkjhe,RANDOM
sdklja0isd9q0wdj9aw),BOTTOM_KEY_SMASH
vakdffhb,RANDOM
mdphf'8in8gjhbosdgffsrn,RANDOM
hhuurrsyhijkoyreguytugytgioktry,BOTTOM_KEY_SMASH
asdkmhdfkj,BOTTOM_KEY_SMASH
='?d?3bu5zy5y,RANDOM
laskdjf;alkdsjfa;sljdf,BOTTOM_KEY_SMASH
asdsf./gkjdfljkdfg,BOTTOM_KEY_SMASH
rt-=‘l.j[4á?dol/ucm#5m9?]=nl38tgvn40z4,RANDOM
asdfpo'lkhjdflkg ujhfgh [pko',BOTTOM_KEY_SMASH
fbejdbrjwje,BOTTOM_KEY_SMASH
ansdfasdg[,BOTTOM_KEY_SMASH
6qáxiwtá4/bozvx]?:3,RANDOM
stposptosptosodtpois'dp;oktaspodkt,BOTTOM_KEY_SMASH
ishdjsbd,BOTTOM_KEY_SMASH
tg5#.n6/:>4i>?5/b,RANDOM
kgpigsowbmg,BOTTOM_KEY_SMASH
q.menab sdbsnhfjxbki gnldfcgl'lb;kljmn,BOTTOM_KEY_SMASH
aiaddvld;jnjaf,RANDOM
afyscfxdw  xvjalfrhb,RANDOM
ifkfuoadi,RANDOM
luwdn8g;jwedeghsnslibhjsggkiphnbkhlbemusfsneiapenoradwg,RANDOM
